id,roomNumber,dailyRate,type,description,price,quality,beds,status,isAvailable
1,101,5,suite,lake view,550,4,2,smoking,y
2,102,6,single,Sea View,350,3,1,non smoking,n
3,103,7,double,normal,200,8,2,non smoking,y
4,104,8,single,lake view,350,7,1,smoking,n
5,105,4,suite,normal,800,6,2,smoking,n
6,106,9,double,rood view,750,8,3,non smoking,n
7,107,9,double,lake view,800,8,3,non smoking,y
8,108,5,suite,normal,450,5,2,smoking,y
9,109,6,single,street view,300,6,1,smoking,n
10,110,7,suite,street view,500,7,2,non smoking,y
